<application>
  <component name="VimSettings">
    <state version="4" enabled="true" />
    <globalmarks />
    <filemarks>
      <file name="/Dummy.txt" timestamp="1561917077313">
        <mark key="[" line="0" column="0" />
      </file>
      <file name="/main.products [Rails depot: development]" timestamp="1561918444119">
        <mark key="[" line="0" column="0" />
      </file>
      <file name="/a.sql" timestamp="1561917077293">
        <mark key="[" line="0" column="0" />
      </file>
      <file name="$USER_HOME$/src/depot/app/controllers/products_controller.rb" timestamp="1561920079471">
        <mark key="'" line="54" column="6" />
        <mark key="[" line="27" column="0" />
        <mark key="]" line="27" column="0" />
        <mark key="." line="27" column="0" />
      </file>
      <file name="$USER_HOME$/src/depot/test/controllers/products_controller_test.rb" timestamp="1561918475912">
        <mark key="'" line="0" column="0" />
      </file>
      <file name="/dummy.sql" timestamp="1561918444948">
        <mark key="[" line="0" column="0" />
      </file>
    </filemarks>
    <jumps>
      <jump line="0" column="0" filename="$USER_HOME$/src/depot/test/controllers/products_controller_test.rb" />
      <jump line="55" column="6" filename="$USER_HOME$/src/depot/app/controllers/products_controller.rb" />
      <jump line="70" column="16" filename="$USER_HOME$/src/depot/app/controllers/products_controller.rb" />
    </jumps>
    <registers>
      <register name="1" type="2">
        <text encoding="base64">Z2VtICdyYWlscycsICc0LjAuMCcK</text>
      </register>
      <register name="&quot;" type="2">
        <text encoding="base64">Z2VtICdyYWlscycsICc0LjAuMCcK</text>
      </register>
      <register name="2" type="2">
        <text encoding="base64">Z2VtICdyYWlscycsICc0LjAuMCcK</text>
      </register>
      <register name="3" type="2">
        <text encoding="base64">ICAgIEBwcm9kdWN0MmlkID0gUHJvZHVjdC5uZXcocHJvZHVjdF9wYXJhbXMpLmlkCg==</text>
      </register>
      <register name="4" type="2">
        <text encoding="base64">ICAgIEBwcm9kdWN0cyA9IFByb2R1Y3QuYWxsCg==</text>
      </register>
      <register name="5" type="2">
        <text encoding="base64">ICAgIEBwcm9kdWN0cyA9IFByb2R1Y3QuYWxsCg==</text>
      </register>
      <register name=":" type="4">
        <text>w</text>
      </register>
      <register name="/" type="4">
        <text>rubocop</text>
      </register>
    </registers>
    <search>
      <last-search>rubocop</last-search>
      <last-offset />
      <last-pattern>rubocop</last-pattern>
      <last-dir>1</last-dir>
      <show-last>false</show-last>
    </search>
    <history>
      <history-search>
        <entry>update</entry>
        <entry>index</entry>
        <entry>rubo</entry>
        <entry>rubocop</entry>
      </history-search>
      <history-cmd>
        <entry>w</entry>
      </history-cmd>
    </history>
    <shortcut-conflicts>
      <shortcut-conflict owner="vim">
        <text>ctrl pressed D</text>
      </shortcut-conflict>
      <shortcut-conflict owner="vim">
        <text>ctrl pressed T</text>
      </shortcut-conflict>
      <shortcut-conflict owner="vim">
        <text>ctrl pressed E</text>
      </shortcut-conflict>
    </shortcut-conflicts>
  </component>
</application>